{"fx": 380.3667907714844, "fy": 380.0167541503906, "ppx": 315.1456298828125, "ppy": 249.27191162109375, "height": 480, "width": 640, "depth_scale": 0.0010000000474974513}